{
	"PatchMags": [
		[10,300,70,"_NaN_","_NaN_","_NaN_"],
		[10,30,40,10,20,50],
		[20,200,30,10,"_NaN_","_NaN_"],
		[10,180,20,5,"_NaN_","_NaN_"],
		[5,120,10,15,20,"_NaN_"]
	],
	"PatchProbs": [
		[10,80,10,"_NaN_","_NaN_","_NaN_"],
		[50,5,10,15,10,10],
		[80,5,5,10,"_NaN_","_NaN_"],
		[80,10,5,5,"_NaN_","_NaN_"],
		[80,5,5,5,5,"_NaN_"]
	],
	"MaxSearches": [
		[6],
		[4],
		[10],
		[2],
		[10]
	],
	"Costs": [
		[0],
		[7],
		[0],
		[0],
		[15]
	],
	"OfferMag": [
		[100],
		[15],
		[100],
		[90],
		[30]
	],
	"ProbAnglesStart": [
		[5.131268001],
		[5.707226654],
		[0.8028514559],
		[5.742133239],
		[3.979350695]
	],
	"nPatches": [
		[3],
		[6],
		[4],
		[4],
		[5]
	]
}
